{"United Kingdom":{"x":482.32500000000005,"y":71.75},"Greece":{"x":558.6500000000001,"y":127.75},"Indonesia":{"x":841.0423076923078,"y":265.11538461538464},"Japan":{"x":860.4666666666667,"y":127.16666666666667},"Malaysia":{"x":804.5999999999999,"y":234},"Norway":{"x":539.5875000000001,"y":15.125},"Oman":{"x":645,"y":182.5},"Philippines":{"x":838.7285714285716,"y":212.28571428571428},"Papua New Guinea":{"x":918.9125000000001,"y":271.5},"Turkey":{"x":580.9000000000001,"y":118.5},"New Zealand":{"x":950.35,"y":374.25},"Chile":{"x":317.375,"y":371},"Russian Federation":{"x":709.325,"y":40.1},"France":{"x":512.525,"y":104},"United States":{"x":159.06153846153848,"y":138.84615384615384},"American Samoa":{"x":15.5,"y":296.5},"Antigua and Barbuda":{"x":320.35,"y":194.75},"Bahamas":{"x":283.8388888888889,"y":173.66666666666666},"Comoros":{"x":616.8833333333333,"y":289.6666666666667},"Cape Verde":{"x":425.91666666666674,"y":199.33333333333334},"Cayman Islands":{"x":269.15000000000003,"y":187.83333333333334},"Cyprus":{"x":583.675,"y":138.25},"Falkland Islands":{"x":347.61363636363643,"y":415.5},"Faeroe Islands":{"x":478.25857142857143,"y":54.5},"Federated States of Micronesia":{"x":926.1833333333334,"y":227.33333333333334},"Saint Kitts and Nevis":{"x":317.975,"y":195.5},"Malta":{"x":531.55,"y":135.25},"Northern Mariana Islands":{"x":901.1500000000001,"y":198.58333333333334},"Mauritius":{"x":661.8,"y":314.5},"New Caledonia":{"x":954.8375000000001,"y":317.125},"Puerto Rico":{"x":306.83333333333337,"y":192.16666666666666},"French Polynesia":{"x":89.35333333333332,"y":299.1},"Solomon Islands":{"x":942.6545454545455,"y":278.2878787878788},"São Tomé and Principe":{"x":513.1,"y":248},"Seychelles":{"x":632.9833333333333,"y":275.6666666666667},"Turks and Caicos Islands":{"x":293.31666666666666,"y":180.33333333333334},"Tonga":{"x":5.46,"y":312.7},"Trinidad and Tobago":{"x":322,"y":215.25},"United States Virgin Islands":{"x":312.25,"y":192.33333333333334},"Vanuatu":{"x":963.8944444444444,"y":303.02777777777777},"Samoa":{"x":12.662500000000001,"y":295.625},"Guadeloupe":{"x":321.1333333333334,"y":198.66666666666666},"Fiji":{"x":993.36,"y":307.8},"Italy":{"x":526.3833333333333,"y":116},"Argentina":{"x":326.925,"y":373.75},"Afghanistan":{"x":691.5,"y":130.5},"Angola":{"x":544.125,"y":277.75},"Albania":{"x":544,"y":114},"Algeria":{"x":515.5,"y":132},"Anguilla":{"x":317.1,"y":192},"Armenia":{"x":615.4,"y":126.5},"Aruba":{"x":296.45,"y":211},"Austria":{"x":535.3,"y":95},"Australia":{"x":884.125,"y":338.25},"Azerbaijan":{"x":616.075,"y":122.25},"Bahrain":{"x":632.05,"y":166.5},"Bangladesh":{"x":750.3,"y":180},"Barbados":{"x":325.75,"y":209},"Belarus":{"x":570.8,"y":81},"Belgium":{"x":508.25,"y":88.5},"Belize":{"x":243.9,"y":199.5},"Benin":{"x":503.35,"y":213.5},"Bermuda":{"x":318.65,"y":147},"Bhutan":{"x":744.4,"y":161.5},"Bolivia":{"x":331.25,"y":315.5},"Bosnia and Herzegovina":{"x":541.5,"y":107},"Botswana":{"x":563.8,"y":307.5},"Brazil":{"x":332.9,"y":244.5},"British Virgin Islands":{"x":313.05,"y":191.5},"Brunei Darussalam":{"x":816.55,"y":236},"Bulgaria":{"x":566.3,"y":110.5},"Burkina Faso":{"x":494.25,"y":203},"Burundi":{"x":577.45,"y":265},"Canada":{"x":304.67166666666674,"y":36.86666666666667},"China":{"x":806.95,"y":141.5},"Denmark":{"x":519.8499999999999,"y":74.5},"Cambodia":{"x":794.9,"y":205},"Cameroon":{"x":536.4,"y":227},"Central African Republic":{"x":560.65,"y":223},"Chad":{"x":559.6,"y":188},"Colombia":{"x":292.2,"y":213},"Costa Rica":{"x":257.3,"y":215.5},"Croatia":{"x":540.75,"y":103.5},"Cuba":{"x":272.4,"y":177.5},"Curaçao":{"x":299.5,"y":212},"Czech Republic":{"x":529.85,"y":87.5},"Côte d'Ivoire":{"x":477.95,"y":217.5},"Dem. Rep. Korea":{"x":830.15,"y":114.5},"Democratic Republic of the Congo":{"x":570.65,"y":234},"Djibouti":{"x":614.75,"y":214},"Dominica":{"x":306.925,"y":196.75},"Dominican Republic":{"x":292.85,"y":193},"Ecuador":{"x":279.5,"y":251},"Egypt":{"x":586.05,"y":150.5},"El Salvador":{"x":246.25,"y":207.5},"Equatorial Guinea":{"x":525.15,"y":243.5},"Eritrea":{"x":614.45,"y":210},"Estonia":{"x":556.85,"y":62},"Ethiopia":{"x":603.65,"y":204},"Finland":{"x":552.05,"y":35},"French Guiana":{"x":338.65,"y":243.5},"Gabon":{"x":530.25,"y":243.5},"Georgia":{"x":607.85,"y":113.5},"Germany":{"x":526.95,"y":79},"Ghana":{"x":493.25,"y":215.5},"Greenland":{"x":448.15,"y":0.5},"Grenada":{"x":319.6,"y":212},"Guam":{"x":900.4,"y":207.5},"Guatemala":{"x":244.05,"y":193.5},"Guinea":{"x":730.8785714285715,"y":250.07142857142858},"Guinea-Bissau":{"x":454.6,"y":210.5},"Guyana":{"x":331.45,"y":231.5},"Haiti":{"x":293.4,"y":187.5},"Honduras":{"x":259.8,"y":202.5},"Hungary":{"x":548.1,"y":95.5},"Iceland":{"x":462.4,"y":42},"India":{"x":713.8,"y":154},"Iran":{"x":614.5,"y":126.5},"Iraq":{"x":611.75,"y":131.5},"Ireland":{"x":478.35,"y":79},"Israel":{"x":589.55,"y":144},"Jamaica":{"x":278.25,"y":193.5},"Jordan":{"x":599.05,"y":147.5},"Kazakhstan":{"x":669.15,"y":80},"Kenya":{"x":611.75,"y":238},"Kosovo":{"x":548.9,"y":115},"Kuwait":{"x":623.75,"y":154.5},"Kyrgyzstan":{"x":700.25,"y":115},"Lao PDR":{"x":794.9,"y":205},"Latvia":{"x":556.4,"y":68},"Lebanon":{"x":589.55,"y":144},"Lesotho":{"x":569.55,"y":348.5},"Liberia":{"x":469.3,"y":226},"Libya":{"x":561.3,"y":149.5},"Lithuania":{"x":555.55,"y":73.5},"Luxembourg":{"x":508.45,"y":92.5},"Macedonia":{"x":552.75,"y":118},"Madagascar":{"x":633.95,"y":294},"Malawi":{"x":591.15,"y":294},"Maldives":{"x":701.45,"y":237},"Mali":{"x":505.1,"y":189},"Marshall Islands":{"x":976.9,"y":228},"Martinique":{"x":322,"y":203},"Mauritania":{"x":479.6,"y":170.5},"Mayotte":{"x":620.1,"y":291.5},"Mexico":{"x":224.65,"y":167.5},"Moldova":{"x":564.7,"y":105},"Mongolia":{"x":748.1,"y":90.5},"Montenegro":{"x":545.3,"y":113.5},"Montserrat":{"x":319.1,"y":196.5},"Morocco":{"x":487.4,"y":138},"Mozambique":{"x":583.35,"y":336.5},"Myanmar":{"x":774.2,"y":182},"Namibia":{"x":558.1,"y":307},"Nauru":{"x":966.5,"y":252.5},"Nepal":{"x":734.5,"y":161},"Netherlands":{"x":360.70000000000005,"y":172.25},"Nicaragua":{"x":259.8,"y":202.5},"Niger":{"x":533.7,"y":194},"Nigeria":{"x":533.1,"y":210.5},"Pakistan":{"x":700.8,"y":136.5},"Palau":{"x":873.85,"y":226.5},"Palestine":{"x":589.15,"y":146.5},"Panama":{"x":274.65,"y":223},"Paraguay":{"x":331.25,"y":315.5},"Peru":{"x":295.25,"y":264.5},"Poland":{"x":539.95,"y":77},"Portugal":{"x":473.45,"y":131.5},"Qatar":{"x":635.05,"y":171.5},"Republic of Congo":{"x":545.45,"y":239.5},"Republic of Korea":{"x":826.45,"y":129.5},"Reunion":{"x":647.5,"y":317.5},"Romania":{"x":559.45,"y":96.5},"Rwanda":{"x":579.4,"y":254.5},"Saint Lucia":{"x":321.85,"y":206.5},"Saint Vincent and the Grenadines":{"x":321.1,"y":208.5},"Saint-Barthélemy":{"x":317.6,"y":193.5},"Saint-Martin":{"x":317.1,"y":193},"Saudi Arabia":{"x":620.25,"y":157.5},"Senegal":{"x":459,"y":204},"Serbia":{"x":551,"y":109},"Sierra Leone":{"x":464.25,"y":223.5},"Sint Maarten":{"x":317.1,"y":193},"Slovakia":{"x":549.05,"y":93.5},"Slovenia":{"x":534.9,"y":101.5},"Somalia":{"x":611.05,"y":256},"South Africa":{"x":579.7,"y":322},"South Sudan":{"x":589.05,"y":220.5},"Spain":{"x":454.2125,"y":153.5625},"Sri Lanka":{"x":722.95,"y":231},"Sudan":{"x":592.275,"y":212.5},"Suriname":{"x":340.5,"y":232},"Swaziland":{"x":580.85,"y":333.5},"Sweden":{"x":544.1,"y":43.5},"Switzerland":{"x":517.2,"y":98.5},"Syria":{"x":597.5,"y":143.5},"Taiwan":{"x":828.95,"y":177.5},"Tajikistan":{"x":678.5,"y":121.5},"Tanzania":{"x":583.5,"y":254},"Thailand":{"x":788.75,"y":205},"The Gambia":{"x":445.8,"y":208.5},"Timor-Leste":{"x":846.35,"y":281},"Togo":{"x":495.7,"y":215.5},"Tunisia":{"x":524.1,"y":144.5},"Turkmenistan":{"x":669.15,"y":131},"Tuvalu":{"x":999.45,"y":278},"Uganda":{"x":589.5,"y":237},"Ukraine":{"x":578.6,"y":87},"United Arab Emirates":{"x":648.1,"y":168},"Uruguay":{"x":349.85,"y":359},"Uzbekistan":{"x":676.35,"y":115},"Venezuela":{"x":324.35,"y":224},"Vietnam":{"x":793.25,"y":181.5},"Western Sahara":{"x":469.45,"y":162},"Yemen":{"x":641.9,"y":197},"Zambia":{"x":581.05,"y":278},